use senacbd;
-- Inserindo dados na tabela curso
INSERT INTO curso (curso_nome, curso_situacao, curso_descricao)
VALUES
    ('TECNOLOGIA EM ANÁLISE E DESENVOLVIMENTO DE SISTEMAS ', 'Ativo', 'Curso de graduação em Tecnologia da Informação (TI)'),
    ('TECNOLOGIA EM MARKETING', 'Ativo', 'Curso de graduação em Gestão'),
    ('TECNOLOGIA EM CIÊNCIA DE DADOS ', 'Ativo', 'Curso de graduação em Tecnologia da Informação (TI)'),
    ('TECNOLOGIA EM GESTÃO DA TECNOLOGIA DA INFORMAÇÃO ', 'Ativo', 'Curso de graduação em Tecnologia da Informação (TI)');
    

-- Inserindo dados na tabela disciplina
INSERT INTO disciplina (disciplina_nome, disciplina_carga_horaria, disciplina_transversal, disciplina_ementa, disciplina_bibliografia)
VALUES      
	('INTRODUÇÃO A COMPUTAÇÃO', 60, 'Não', 'Ementa- Não informada', 'Autor Desconhecido'),
    ('LÓGICA DE PROGRAMAÇÃO', 70, 'Não', 'Ementa- Não informada', 'Autor Desconhecido'),
    ('MATEMÁTICA COMPUTACIONAL', 60, 'Não', 'Ementa- Não informada', 'Autor Desconhecido'),
    ('PADRÕES WEB', 60, 'Não', 'Ementa- Não informada', 'Autor Desconhecido'),
    ('LABORATÓRIO DE INOVAÇÃO I', 100, 'Não', 'Ementa- Não informada', 'Autor Desconhecido'),
    ('COMUNICAÇÃO EMPRESARIAL', 100, 'Não', 'Ementa- Não informada', 'Autor Desconhecido'),
    ('EXTENSÃO I', 50, 'Não', 'Ementa- Não informada', 'Autor Desconhecido'),
    ('FUNDAMENTOS DE BANCO DE DADOS', 60, 'Não', 'Ementa- Não informada', 'Autor Desconhecido'),
    ('ENGENHARIA DE SOFTWARE', 70, 'Não', 'Ementa- Não informada', 'Autor Desconhecido'),
    ('FUNDAMENTOS DA ESTATÍSTICA', 60, 'Não', 'Ementa- Não informada', 'Autor Desconhecido'),
    ('ÉTICA PROFISSIONAL, DESENVOLVIMENTO SUSTENTÁVEL E EMPREENDEDORISMO', 60, 'Não', 'Ementa- Não informada', 'Autor Desconhecido'),
    ('LABORATÓRIO DE INOVAÇÃO II', 100, 'Não', 'Ementa- Não informada', 'Autor Desconhecido'),
    ('GESTÃO DE PROJETOS', 100, 'Não', 'Ementa- Não informada', 'Autor Desconhecido'),
    ('EXTENSÃO II', 50, 'Não', 'Ementa- Não informada', 'Autor Desconhecido'),
    ('LINGUAGEM DE BANCO DE DADOS', 60, 'Não', 'Ementa- Não informada', 'Autor Desconhecido'),
    ('INTELIGÊNCIA ARTIFICIAL', 60, 'Não', 'Ementa- Não informada', 'Autor Desconhecido'),
    ('DEEP LEARNING', 60, 'Não', 'Ementa- Não informada', 'Autor Desconhecido'),
    ('TÓPICOS AVANÇADOS EM TECNOLOGIA DA INFORMAÇÃO', 70, 'Não', 'Ementa- Não informada', 'Autor Desconhecido'),
    ('LABORATÓRIO DE INOVAÇÃO III', 100, 'Não', 'Ementa- Não informada', 'Autor Desconhecido'),
    ('INFRAESTRUTURA DE REDES', 50, 'Não', 'Ementa- Não informada', 'Autor Desconhecido'),
    ('SISTEMAS OPERACIONAIS', 50, 'Não', 'Ementa- Não informada', 'Autor Desconhecido'),
    ('EXTENSÃO III', 50, 'Não', 'Ementa- Não informada', 'Autor Desconhecido'),
    ('ANÁLISE PREDITIVA', 60, 'Não', 'Ementa- Não informada', 'Autor Desconhecido'),
    ('BANCO DE DADOS NOSQL', 70, 'Não', 'Ementa- Não informada', 'Autor Desconhecido'),
    ('APRENDIZAGEM DE MÁQUINA', 60, 'Não', 'Ementa- Não informada', 'Autor Desconhecido'),
    ('LABORATÓRIO DE INOVAÇÃO IV', 100, 'Não', 'Ementa- Não informada', 'Autor Desconhecido'),
    ('SEGURANÇA DA INFORMAÇÃO', 60, 'Não', 'Ementa- Não informada', 'Autor Desconhecido'),
    ('GOVERNANÇA DE TI', 50, 'Não', 'Ementa- Não informada', 'Autor Desconhecido'),
    ('MARKETING DIGITAL E NEGÓCIOS ELETRÔNICOS (ELETIVA)', 50, 'Não', 'Ementa- Não informada', 'Autor Desconhecido'),
    ('QUALIDADE NO ATENDIMENTO E NA PRESTAÇÃO DE SERVIÇO (ELETIVA)', 50, 'Não', 'Ementa- Não informada', 'Autor Desconhecido'),
    ('INGLÊS TÉCNICO (ELETIVA)', 50, 'Não', 'Ementa- Não informada', 'Autor Desconhecido'),
    ('LÍNGUA BRASILEIRA DE SINAIS - LIBRAS (ELETIVA)', 50, 'Não', 'Ementa- Não informada', 'Autor Desconhecido'),
    ('MARKETING CONTEMPORÂNEO', 60, 'Não', 'Ementa- Não informada', 'Autor Desconhecido'),
    ('GESTÃO DE NEGÓCIOS E DA INOVAÇÃO', 60, 'Não', 'Ementa- Não informada', 'Autor Desconhecido'),
    ('COMUNICAÇÃO EMPRESARIAL(2)', 80, 'Não', 'Ementa- Não informada', 'Autor Desconhecido'),
    ('LOGÍSTICA', 60, 'Não', 'Ementa- Não informada', 'Autor Desconhecido'),
    ('ESTATÍSTICA', 60, 'Não', 'Ementa- Não informada', 'Autor Desconhecido'),
    ('COMPORTAMENTO DO CONSUMIDOR E NEUROMARKETING', 40, 'Não', 'Ementa- Não informada', 'Autor Desconhecido'),
    ('BRANDING', 40, 'Não', 'Ementa- Não informada', 'Autor Desconhecido'),
    ('REDES SOCIAIS, MÍDIAS DIGITAIS E MARKETING CONTEÚDO', 40, 'Não', 'Ementa- Não informada', 'Autor Desconhecido'),
    ('ESTRATÉGIA DE VENDAS E GESTÃO DE SERVIÇOS', 40, 'Não', 'Ementa- Não informada', 'Autor Desconhecido'),
    ('PESQUISA DE MARKETING', 60, 'Não', 'Ementa- Não informada', 'Autor Desconhecido'),
    ('CUSTOS E FORMAÇÃO DE PREÇOS', 60, 'Não', 'Ementa- Não informada', 'Autor Desconhecido'),
    ('RELAÇÕES PÚBLICAS, GESTÃO DE EVENTOS E DE CRISES (ELETIVA)', 60, 'Não', 'Ementa- Não informada', 'Autor Desconhecido'),
    ('ECONOMIA (ELETIVA)', 60, 'Não', 'Ementa- Não informada', 'Autor Desconhecido'),
    ('LINGUAGEM DE PROGRAMAÇÃO PARA MOBILE', 60, 'Não', 'Ementa- Não informada', 'Autor Desconhecido'),
    ('LINGUAGEM TÉCNICA DE PROGRAMAÇÃO I', 60, 'Não', 'Ementa- Não informada', 'Autor Desconhecido'),
    ('LINGUAGEM TÉCNICA DE PROGRAMAÇÃO II', 60, 'Não', 'Ementa- Não informada', 'Autor Desconhecido'),
    ('LINGUAGEM DE PROGRAMAÇÃO ORIENTADA À OBJETOS I', 60, 'Não', 'Ementa- Não informada', 'Autor Desconhecido'),
    ('LINGUAGEM DE PROGRAMAÇÃO ORIENTADA À OBJETOS II', 60, 'Não', 'Ementa- Não informada', 'Autor Desconhecido'),
    ('TESTES, MÉTRICAS E QUALIDADE DE SOFTWARE', 60, 'Não', 'Ementa- Não informada', 'Autor Desconhecido'),
    ('PUBLICIDADE, PROPAGANDA E MERCHANDISING', 60, 'Não', 'Ementa- Não informada', 'Autor Desconhecido'),
    ('RETAIL TRENDS', 60, 'Não', 'Ementa- Não informada', 'Autor Desconhecido'),
    ('PLATAFORMAS DE E-COMMERCE E MARKETING DIGITAL', 80, 'Não', 'Ementa- Não informada', 'Autor Desconhecido'),
    ('EXTENSÃO IV', 50, 'Não', 'Ementa- Não informada', 'Autor Desconhecido'); 

-- Inserindo dados na tabela curso_disciplina 
INSERT INTO curso_disciplina (`curso_disciplina_codigo`,`curso_disciplina_semestre`,`fk_curso_curso_codigo`,`fk_disciplina_disciplina_codigo`)
VALUES 
(1,"1º Semestre",1,1),
(2,"1º Semestre",1,2),
(3,"1º Semestre",1,3),
(4,"1º Semestre",1,4),
(5,"1º Semestre",1,5),
(6,"1º Semestre",1,6),
(7,"1º Semestre",1,7),
(8,"2º Semestre",1,8),
(9,"2º Semestre",1,9),
(10,"2º Semestre",1,47),
(11,"2º Semestre",1,11),
(12,"2º Semestre",1,12),
(13,"2º Semestre",1,13),
(14,"2º Semestre",1,14),
(15,"3º Semestre",1,15),
(16,"3º Semestre",1,48),
(17,"3º Semestre",1,49),
(18,"3º Semestre",1,18),
(19,"3º Semestre",1,19),
(20,"3º Semestre",1,20),
(21,"3º Semestre",1,21),
(22,"3º Semestre",1,22),
(23,"4º Semestre",1,50),
(24,"4º Semestre",1,46),
(25,"4º Semestre",1,27),
(26,"4º Semestre",1,51),
(27,"4º Semestre",1,26),
(28,"4º Semestre",1,28),
(29,"4º Semestre",1,29),
(30,"4º Semestre",1,30),
(31,"4º Semestre",1,31),
(32,"4º Semestre",1,32),
(33,"4º Semestre",1,55),
(34,"1º Semestre",2,33),
(35,"1º Semestre",2,34),
(36,"1º Semestre",2,35),
(37,"1º Semestre",2,5),
(38,"1º Semestre",2,2),
(39,"1º Semestre",2,7),
(40,"2º Semestre",2,36),
(41,"2º Semestre",2,37),
(42,"2º Semestre",2,38),
(43,"2º Semestre",2,39),
(44,"2º Semestre",2,12),
(45,"2º Semestre",2,4),
(46,"2º Semestre",2,14),
(47,"3º Semestre",2,42),
(48,"3º Semestre",2,43),
(49,"3º Semestre",2,40),
(50,"3º Semestre",2,41),
(51,"3º Semestre",2,19),
(52,"3º Semestre",2,44),
(53,"3º Semestre",2,45),
(54,"3º Semestre",2,31),
(55,"3º Semestre",2,32),
(56,"3º Semestre",2,22),
(57,"4º Semestre",2,52),
(58,"4º Semestre",2,53),
(59,"4º Semestre",2,54),
(60,"4º Semestre",2,26),
(61,"4º Semestre",2,46),
(62,"4º Semestre",2,55),
(63,"1º Semestre",3,1),
(64,"1º Semestre",3,2),
(65,"1º Semestre",3,3),
(66,"1º Semestre",3,4),
(67,"1º Semestre",3,5),
(68,"1º Semestre",3,6),
(69,"1º Semestre",3,7),
(70,"2º Semestre",3,8),
(71,"2º Semestre",3,9),
(72,"2º Semestre",3,10),
(73,"2º Semestre",3,11),
(74,"2º Semestre",3,12),
(75,"2º Semestre",3,13),
(76,"2º Semestre",3,14),
(77,"3º Semestre",3,15),
(78,"3º Semestre",3,16),
(79,"3º Semestre",3,17),
(80,"3º Semestre",3,18),
(81,"3º Semestre",3,19),
(82,"3º Semestre",3,20),
(83,"3º Semestre",3,21),
(84,"3º Semestre",3,22),
(85,"4º Semestre",3,23),
(86,"4º Semestre",3,24),
(87,"4º Semestre",3,25),
(88,"4º Semestre",3,26),
(89,"4º Semestre",3,27),
(90,"4º Semestre",3,28),
(91,"4º Semestre",3,29),
(92,"4º Semestre",3,30),
(93,"4º Semestre",3,31),
(94,"4º Semestre",3,32),
(95,"4º Semestre",3,55);
 

-- Inserindo dados na tabela turma
INSERT INTO turma (fk_curso_curso_codigo, turma_nome, turma_ano, turma_semestre, turma_estado, turma_turno)
VALUES
    (1, 'ADS-1ºSEM', 2024, '1º Semestre', 'Ativa', 'Manhã'),
    (3, 'CD-1ºSEM', 2024, '1º Semestre', 'Ativa', 'Tarde'),
    (2, 'MKT-1ºSEM', 2024, '1º Semestre', 'Ativa', 'Noite'),
    (4,'GTS - 1ºSEM',2024,'1º Semestre','Ativa','Tarde');

-- Inserindo dados na tabela sala
INSERT INTO sala (sala_nome, sala_endereco, sala_tipo, sala_situacao, sala_descricao, sala_capacidade_alunos)
VALUES
    ('Sala 501', 'Edifício Principal', 'Laboratório', 'Disponível', 'Laboratório de Informática', 30),
    ('Sala 502', 'Edifício Principal', 'Sala de Aula', 'Disponível', 'Sala de Aula Tradicional', 40),
    ('Sala 601', 'Edifício de Administração', 'Sala de Reunião', 'Disponível', 'Sala de Reunião Equipada', 20);

-- Inserindo dados na tabela sala_turma
INSERT INTO sala_turma (fk_sala_sala_codigo, fk_turma_turma_codigo)
VALUES
    (1, 1),
    (2, 2),
    (3, 3),
    (3, 4);
    


INSERT INTO aluno (aluno_nome, aluno_sexo, aluno_idade, aluno_email, aluno_telefone, aluno_rg, aluno_cpf, aluno_dt_nascimento, aluno_endereco,aluno_foto_nome,aluno_foto_path,aluno_foto_data_upload) VALUES 
('João Silva','Masculino',25,'joao.silva@example.com','(11) 1234-5678','1234567','12345678901','1999-05-10','Rua A, 123','ayo-ogunseinde-sibVwORYqs0-unsplash.jpg','../arquivos/66255818f385c.jpg','2024-04-21 15:16:56'),
('Maria Santos','Feminino',22,'maria.santos@example.com','(11) 9876-5432','7654321','98765432109','2002-02-15','Rua B, 456','alexandru-zdrobau-BGz8vO3pK8k-unsplash.jpg','../arquivos/662558226266d.jpg','2024-04-21 15:17:06'),
('Carlos Oliveira','Masculino',30,'carlos.oliveira@example.com','(11) 5678-1234','9876543','98765432101','1994-10-20','Rua C, 789','albert-dera-ILip77SbmOE-unsplash.jpg','../arquivos/6625582c3034c.jpg','2024-04-21 15:17:16'),
('Ana Silva','Feminino',28,'ana.silva@example.com','(11) 2345-6789','2345678','23456789012','1996-08-05','Rua D, 234','aiony-haust-3TLl_97HNJo-unsplash.jpg','../arquivos/66255836f0f1b.jpg','2024-04-21 15:17:26'),
('Pedro Almeida','Masculino',26,'pedro.almeida@example.com','(11) 8765-4321','8765432','87654321098','1998-12-15','Rua E, 345','charlesdeluvio-kVg2DQTAK7c-unsplash.jpg','../arquivos/662558434ae56.jpg','2024-04-21 15:17:39'),
('Mariana Lima','Feminino',23,'mariana.lima@example.com','(11) 3456-7890','3456789','34567890123','2001-03-20','Rua F, 456','atikh-bana-_KaMTEmJnxY-unsplash.jpg','../arquivos/6625584dc2867.jpg','2024-04-21 15:17:49'),
('Fernando Santos','Masculino',29,'fernando.santos@example.com','(11) 6543-2109','6543210','65432109876','1993-11-25','Rua G, 567','drew-hays-agGIKYs4mYs-unsplash.jpg','../arquivos/662558a9d1ca4.jpg','2024-04-21 15:19:21'),
('Carla Sousa','Feminino',24,'carla.sousa@example.com','(11) 4321-0987','4321098','43210987654','2000-06-30','Rua H, 678','anthony-tran-3Xkms-gMvZg-unsplash.jpg','../arquivos/6625590ccc394.jpg','2024-04-21 15:21:00'),
('Gabriel Costa','Masculino',27,'gabriel.costa@example.com','(11) 7890-1234','7890123','78901234567','1997-09-10','Rua I, 789','andre-hunter-zwXuzFr3mLs-unsplash.jpg','../arquivos/662558f80c950.jpg','2024-04-21 15:20:40'),
('Amanda Oliveira','Feminino',25,'amanda.oliveira@example.com','(11) 3210-9876','3210987','32109876543','1999-07-05','Rua J, 890','brooke-cagle-kvKSL7B6eTo-unsplash.jpg','../arquivos/6625591e0e3eb.jpg','2024-04-21 15:21:18'),
('Rafael Pereira','Masculino',31,'rafael.pereira@example.com','(11) 6789-0123','6789012','67890123456','1991-04-15','Rua K, 901','ben-hershey-8-fHqPCNy4c-unsplash.jpg','../arquivos/6625592fa0f8f.jpg','2024-04-21 15:21:35'),
('Juliana Rodrigues','Feminino',21,'juliana.rodrigues@example.com','(11) 2109-8765','2109876','21098765432','2003-01-20','Rua L, 123','boris-smokrovic-lyvCvA8sKGc-unsplash.jpg','../arquivos/6625594c09bed.jpg','2024-04-21 15:22:04'),
('Lucas Fernandes','Masculino',28,'lucas.fernandes@example.com','(11) 5678-9012','5678901','56789012345','1994-08-25','Rua M, 234','gift-habeshaw-w1XuHvzcWoI-unsplash.jpg','../arquivos/6625595985035.jpg','2024-04-21 15:22:17'),
('Camila Costa','Feminino',22,'camila.costa@example.com','(11) 0987-6543','0987654','09876543210','2002-05-30','Rua N, 345','christopher-campbell-f_NGd35rOsQ-unsplash.jpg','../arquivos/66255967259c2.jpg','2024-04-21 15:22:31'),
('Matheus Lima','Masculino',29,'matheus.lima@example.com','(11) 3456-7890','3456789','34567890123','1993-12-05','Rua O, 456','luis-villasmil-hh3ViD0r0Rc-unsplash.jpg','../arquivos/66255971bc460.jpg','2024-04-21 15:22:41'),
('Isabela Santos','Feminino',26,'isabela.santos@example.com','(11) 8765-4321','8765432','87654321098','1998-07-10','Rua P, 567','henri-pham-F4HFTm3Y8gE-unsplash.jpg','../arquivos/6625597e79ebc.jpg','2024-04-21 15:22:54'),
('Vinícius Oliveira','Masculino',23,'vinicius.oliveira@example.com','(11) 2345-6789','2345678','23456789012','2001-02-15','Rua Q, 678','jonas-kakaroto-KIPqvvTOC1s-unsplash.jpg','../arquivos/6625598edd075.jpg','2024-04-21 15:23:10'),
('Luana Silva','Feminino',30,'luana.silva@example.com','(11) 9876-5432','9876543','98765432109','1992-09-20','Rua R, 789','kimson-doan-HD8KlyWRYYM-unsplash.jpg','../arquivos/6625599b8f3d3.jpg','2024-04-21 15:23:23'),
('Thiago Almeida','Masculino',27,'thiago.almeida@example.com','(11) 5678-1234','5678123','56781234567','1995-06-30','Rua S, 890','joseph-gonzalez-iFgRcqHznqg-unsplash.jpg','../arquivos/662559af929e2.jpg','2024-04-21 15:23:43'),
('Helena Lima','Feminino',24,'helena.lima@example.com','(11) 8765-4321','8765432','87654321098','2000-01-15','Rua T, 901','michael-dam-mEZ3PoFGs_k-unsplash.jpg','../arquivos/662559bf8e7a2.jpg','2024-04-21 15:23:59'),
('Enzo Santos','Masculino',31,'enzo.santos@example.com','(11) 3456-7890','3456789','34567890123','1990-04-10','Rua U, 123','jurica-koletic-7YVZYZeITc8-unsplash.jpg','../arquivos/662559cd995c3.jpg','2024-04-21 15:24:13'),
('Laura Sousa','Feminino',21,'laura.sousa@example.com','(11) 6543-2109','6543210','65432109876','2003-03-20','Rua V, 234','jake-nackos-IF9TK5Uy-KI-unsplash.jpg','../arquivos/662559d7ecb56.jpg','2024-04-21 15:24:23'),
('Pedro Costa','Masculino',28,'pedro.costa@example.com','(11) 4321-0987','4321098','43210987654','1994-08-25','Rua W, 345','konstantin-aal-Otx5FHbr3OE-unsplash.jpg','../arquivos/662559eb95203.jpg','2024-04-21 15:24:43'),
('Larissa Oliveira','Feminino',22,'larissa.oliveira@example.com','(11) 7890-1234','7890123','78901234567','2002-05-30','Rua X, 456','icons8-team-6LZuSzSwso0-unsplash.jpg','../arquivos/662559f916094.jpg','2024-04-21 15:24:57'),
('Gustavo Fernandes','Masculino',29,'gustavo.fernandes@example.com','(11) 2109-8765','2109876','21098765432','1993-12-05','Rua Y, 567','patrick-hendry-jd0hS7Vhn_A-unsplash.jpg','../arquivos/66255a0a19411.jpg','2024-04-21 15:25:14'),
('Júlia Costa','Feminino',26,'julia.costa@example.com','(11) 5678-9012','5678901','56789012345','1998-07-10','Rua Z, 678','edward-cisneros-_H6wpor9mjs-unsplash.jpg','../arquivos/66255a1852b93.jpg','2024-04-21 15:25:28'),
('Pedro Santos','Masculino',23,'pedro.santos@example.com','(11) 0987-6543','0987654','09876543210','2001-02-15','Avenida A, 123','tyler-nix-zOZYY3qC0-o-unsplash.jpg','../arquivos/66255a35992ec.jpg','2024-04-21 15:25:57'),
('Fernanda Lima','Feminino',30,'fernanda.lima@example.com','(11) 2345-6789','2345678','23456789012','1992-09-20','Avenida B, 234','oladimeji-odunsi-n5aE6hOY6do-unsplash.jpg','../arquivos/66255a44ec486.jpg','2024-04-21 15:26:12'),
('Ricardo Silva','Masculino',27,'ricardo.silva@example.com','(11) 9876-5432','9876543','98765432109','1995-06-30','Avenida C, 345','warren-VVEwJJRRHgk-unsplash.jpg','../arquivos/66255a5351059.jpg','2024-04-21 15:26:27'),
('Camila Almeida','Feminino',24,'camila.almeida@example.com','(11) 5678-1234','5678123','56781234567','2000-01-15','Avenida D, 456','stefan-stefancik-QXevDflbl8A-unsplash.jpg','../arquivos/66255a652b7b9.jpg','2024-04-21 15:26:45'),
('Diego Lima','Masculino',31,'diego.lima@example.com','(11) 8765-4321','8765432','87654321098','1990-04-10','Avenida E, 567','kin-li-hxGP_QuC6yY-unsplash.jpg','../arquivos/66255a79e1c66.jpg','2024-04-21 15:27:05'),
('Ana Carolina Santos','Feminino',21,'ana.santos@example.com','(11) 3456-7890','3456789','34567890123','2003-03-20','Avenida F, 678','tamara-bellis-A3Gd2b-98_g-unsplash.jpg','../arquivos/66255a85cfd60.jpg','2024-04-21 15:27:17'),
('Bruno Oliveira','Masculino',28,'bruno.oliveira@example.com','(11) 6543-2109','6543210','65432109876','1994-08-25','Avenida G, 789','alison-wang-mou0S7ViElQ-unsplash.jpg','../arquivos/66255a956d71b.jpg','2024-04-21 15:27:33'),
('Tatiane Costa','Feminino',22,'tatiane.costa@example.com','(11) 4321-0987','4321098','43210987654','2002-05-30','Avenida H, 890','samuel-dixon--fQ5XNOcqFQ-unsplash.jpg','../arquivos/66255aace0fa5.jpg','2024-04-21 15:27:56'),
('Lucas Santos','Masculino',29,'lucas.santos@example.com','(11) 2109-8765','2109876','21098765432','1993-12-05','Avenida I, 901','julien-tromeur-6-adg66qleM-unsplash.jpg','../arquivos/66255abbab9a8.jpg','2024-04-21 15:28:11'),
('Carolina Lima','Feminino',26,'carolina.lima@example.com','(11) 5678-9012','5678901','56789012345','1998-07-10','Avenida J, 123','x-sLGYaQ_stMM-unsplash.jpg','../arquivos/66255ac5be33b.jpg','2024-04-21 15:28:21'),
('Mateus Almeida','Masculino',23,'mateus.almeida@example.com','(11) 0987-6543','0987654','09876543210','2001-02-15','Avenida K, 234','vadim-bogulov-lG4A4GmcYYg-unsplash.jpg','../arquivos/66255ae2581db.jpg','2024-04-21 15:28:50'),
('Isadora Fernandes','Feminino',30,'isadora.fernandes@example.com','(11) 2345-6789','2345678','23456789012','1992-09-20','Avenida L, 345','petr-ovralov-qQ01rvKkE0w-unsplash.jpg','../arquivos/66255af1e5694.jpg','2024-04-21 15:29:05'),
('Vinícius Costa','Masculino',27,'vinicius.costa@example.com','(11) 9876-5432','9876543','98765432109','1995-06-30','Avenida M, 456','timothy-dykes-LhqLdDPcSV8-unsplash.jpg','../arquivos/66255b1aebb84.jpg','2024-04-21 15:29:46'),
('Ana Luiza Almeida','Feminino',24,'ana.almeida@example.com','(11) 5678-1234','5678123','56781234567','2000-01-15','Avenida N, 567','zulmaury-saavedra-kXC0dbqtRe4-unsplash.jpg','../arquivos/66255b266c326.jpg','2024-04-21 15:29:58'),
('Marcelo Lima','Masculino',31,'marcelo.lima@example.com','(11) 8765-4321','8765432','87654321098','1990-04-10','Avenida O, 678','anshita-nair-0rxLLHD1XxA-unsplash.jpg','../arquivos/66255b337a6c4.jpg','2024-04-21 15:30:11'),
('Vanessa Santos','Feminino',21,'vanessa.santos@example.com','(11) 3456-7890','3456789','34567890123','2003-03-20','Avenida P, 789','vladislav-todorov-joINR2EKnvY-unsplash.jpg','../arquivos/66255b41ba0f6.jpg','2024-04-21 15:30:25'),
('Eduardo Oliveira','Masculino',28,'eduardo.oliveira@example.com','(11) 6543-2109','6543210','65432109876','1994-08-25','Avenida Q, 890','charlesdeluvio-Mv9hjnEUHR4-unsplash.jpg','../arquivos/66255b574d80b.jpg','2024-04-21 15:30:47'),
('Julia Costa','Feminino',22,'julia.costa@example.com','(11) 4321-0987','4321098','43210987654','2002-05-30','Avenida R, 901','terricks-noah-NvDSfftzr0U-unsplash.jpg','../arquivos/66255b7c01caa.jpg','2024-04-21 15:31:24'),
('Smalley Araújo','Masculino',36,'adm@teste.com',61984384145,'1111111','99999999999','1987-01-01','BR 020','anshita-nair-0rxLLHD1XxA-unsplash.jpg','../arquivos/66255c1e323f6.jpg','2024-04-21 15:34:06');


-- Inserindo dados na tabela aluno_turma
INSERT INTO aluno_turma (fk_aluno_aluno_codigo,fk_turma_turma_codigo,aluno_turma_codigo) 
VALUES 
(1,1,1),
(2,1,2),
(3,1,3),
(4,1,4),
(5,1,5),
(6,1,6),
(7,1,7),
(8,1,8),
(9,1,9),
(10,1,10),
(11,1,11),
(12,1,12),
(13,1,13),
(14,1,14),
(15,1,15),
(16,3,16),
(17,3,17),
(18,3,18),
(19,3,19),
(20,3,20),
(21,3,21),
(22,3,22),
(23,3,23),
(24,3,24),
(25,3,25),
(26,3,26),
(27,3,27),
(28,3,28),
(29,3,29),
(30,3,30),
(31,2,31),
(32,2,32),
(33,2,33),
(34,2,34),
(35,2,35),
(36,2,36),
(37,2,37),
(38,2,38),
(39,2,39),
(40,2,40),
(41,2,41),
(42,2,42),
(43,2,43),
(44,2,44),
(45,2,45),
(1,4,46),
(4,4,47),
(7,4,48),
(5,4,49),
(8,4,50),
(9,4,51),
(11,4,52),
(12,4,53),
(14,4,54),
(16,4,55),
(17,4,56),
(19,4,57),
(21,4,58),
(22,4,59),
(24,4,60),
(29,4,61);

-- Inserindo dados na tabela matricula
INSERT INTO matricula (fk_curso_curso_codigo, fk_aluno_aluno_codigo) 
VALUES 
(1, 1), -- João Silva matriculado no curso com código 1
(2, 2), -- Maria Santos matriculada no curso com código 2
(1, 3); -- Carlos Oliveira matriculado no curso com código 1
    
 INSERT INTO professor (professor_nome, professor_email, professor_telefone, professor_cpf, professor_endereco, professor_sexo, professor_data_admissao, professor_data_desligamento, professor_titulacao, professor_data_nascimento, professor_url_curriculo_lattes, professor_foto_nome, professor_foto_data_upload, professor_foto_path, professor_disponibilidade_segunda_manha, professor_disponibilidade_segunda_tarde, professor_disponibilidade_segunda_noite, professor_disponibilidade_terca_manha, professor_disponibilidade_terca_tarde, professor_disponibilidade_terca_noite, professor_disponibilidade_quarta_manha, professor_disponibilidade_quarta_tarde, professor_disponibilidade_quarta_noite, professor_disponibilidade_quinta_manha, professor_disponibilidade_quinta_tarde, professor_disponibilidade_quinta_noite, professor_disponibilidade_sexta_manha, professor_disponibilidade_sexta_tarde, professor_disponibilidade_sexta_noite, professor_disponibilidade_sabado_manha, professor_disponibilidade_sabado_tarde, professor_disponibilidade_sabado_noite)
VALUES 
("Rafael Silva", "rafael.silva@example.com", "1122334455", "111.222.333-44", "Av. Tecnológica, 123", "Masculino", "2008-05-15", NULL, "Doutorado em Engenharia de Computação", "1975-10-20", "http://lattes.cnpq.br/rafaelsilva", "667a8f5ad1198.jpg", "2024-06-25 11:35:22", "../arquivos2/667a8f5ad1198.jpg", "disponivel", "indisponivel", "indisponivel", "disponivel", "indisponivel", "indisponivel", "disponivel", "indisponivel", "indisponivel", "disponivel", "indisponivel", "indisponivel", "disponivel", "indisponivel", "indisponivel", "disponivel", "indisponivel", "indisponivel"),
("Carolina Oliveira", "carolina.oliveira@example.com", "5544332211", "222.333.444-55", "Rua da Inovação, 456", "Feminino", "2010-07-20", NULL, "Mestrado em Ciência da Computação", "1980-03-25", "http://lattes.cnpq.br/carolinaoliveira", "667a8fc129d75.jpg", "2024-06-25 11:37:05", "../arquivos2/667a8fc129d75.jpg", "indisponivel", "disponivel", "indisponivel", "indisponivel", "disponivel", "indisponivel", "indisponivel", "disponivel", "indisponivel", "indisponivel", "disponivel", "indisponivel", "indisponivel", "disponivel", "indisponivel", "disponivel", "indisponivel", "indisponivel"),
("Diego Santos", "diego.santos@example.com", "9988776655", "333.444.555-66", "Av. da Tecnologia, 789", "Masculino", "2012-10-15", NULL, "Doutorado em Engenharia Elétrica", "1972-05-30", "http://lattes.cnpq.br/diegosantos", "667a8fde8809a.jpg", "2024-06-25 11:37:34", "../arquivos2/667a8fde8809a.jpg", "indisponivel", "indisponivel", "disponivel", "indisponivel", "indisponivel", "disponivel", "indisponivel", "indisponivel", "disponivel", "indisponivel", "indisponivel", "disponivel", "indisponivel", "indisponivel", "disponivel", "disponivel", "indisponivel", "indisponivel"),
("Mariana Almeida", "mariana.almeida@example.com", "3344556677", "444.555.666-77", "Rua da Inovação, 987", "Feminino", "2015-02-10", NULL, "Especialização em Desenvolvimento Web", "1985-08-12", "http://lattes.cnpq.br/marianaalmeida", "667a90052f34a.jpg", "2024-06-25 11:38:13", "../arquivos2/667a90052f34a.jpg", "disponivel", "indisponivel", "disponivel", "disponivel", "indisponivel", "disponivel", "disponivel", "indisponivel", "disponivel", "disponivel", "indisponivel", "disponivel", "disponivel", "indisponivel", "disponivel", "disponivel", "disponivel", "indisponivel"),
("Felipe Costa", "felipe.costa@example.com", "9988776655", "555.666.777-88", "Av. Tecnológica, 147", "Masculino", "2017-08-20", NULL, "Mestrado em Sistemas de Informação", "1983-04-18", "http://lattes.cnpq.br/felipecosta", "667a902965c50.jpg", "2024-06-25 11:38:49", "../arquivos2/667a902965c50.jpg", "disponivel", "indisponivel", "disponivel", "disponivel", "indisponivel", "disponivel", "disponivel", "indisponivel", "disponivel", "disponivel", "indisponivel", "disponivel", "disponivel", "indisponivel", "disponivel", "disponivel", "disponivel", "indisponivel"),
("Patrícia Lima", "patricia.lima@example.com", "1122334455", "666.777.888-99", "Rua da Inovação, 369", "Feminino", "2019-11-30", NULL, "Doutorado em Inteligência Artificial", "1978-12-05", "http://lattes.cnpq.br/patricialima", "667a9047a335b.jpg", "2024-06-25 11:39:19", "../arquivos2/667a9047a335b.jpg", "disponivel", "indisponivel", "disponivel", "indisponivel", "disponivel", "disponivel", "disponivel", "indisponivel", "disponivel", "disponivel", "indisponivel", "disponivel", "disponivel", "indisponivel", "disponivel", "disponivel", "indisponivel", "indisponivel"),
("Gustavo Oliveira", "gustavo.oliveira@example.com", "5544332211", "777.888.999-00", "Av. Tecnológica, 258", "Masculino", "2014-04-10", NULL, "Especialização em Redes de Computadores", "1989-09-20", "http://lattes.cnpq.br/gustavooliveira", "667a9070236c2.jpg", "2024-06-25 11:40:00", "../arquivos2/667a9070236c2.jpg", "disponivel", "indisponivel", "disponivel", "disponivel", "indisponivel", "disponivel", "indisponivel", "indisponivel", "indisponivel", "disponivel", "indisponivel", "disponivel", "disponivel", "indisponivel", "disponivel", "disponivel", "disponivel", "indisponivel"),
("Amanda Silva", "amanda.silva@example.com", "9988776655", "888.999.000-11", "Rua da Inovação, 753", "Feminino", "2016-01-25", NULL, "Mestrado em Engenharia de Software", "1980-06-15", "http://lattes.cnpq.br/amandasilva", "667a90951b251.jpg", "2024-06-25 11:40:37", "../arquivos2/667a90951b251.jpg", "disponivel", "indisponivel", "disponivel", "disponivel", "indisponivel", "disponivel", "disponivel", "indisponivel", "disponivel", "disponivel", "indisponivel", "disponivel", "disponivel", "indisponivel", "disponivel", "disponivel", "indisponivel", "indisponivel"),
("Marcos Santos", "marcos.santos@example.com", "3344556677", "999.000.111-22", "Av. da Tecnologia, 852", "Masculino", "2013-06-30", NULL, "Doutorado em Ciência da Computação", "1975-02-28", "http://lattes.cnpq.br/marcossantos", "667a90af37021.jpg", "2024-06-25 11:41:03", "../arquivos2/667a90af37021.jpg", "disponivel", "indisponivel", "disponivel", "disponivel", "disponivel", "disponivel", "indisponivel", "disponivel", "disponivel", "indisponivel", "disponivel", "disponivel", "disponivel", "disponivel", "indisponivel", "disponivel", "indisponivel", "indisponivel"),
("Camila Almeida", "camila.almeida@example.com", "1122334455", "000.111.222-33", "Rua da Inovação, 456", "Feminino", "2018-09-10", NULL, "Especialização em Inteligência Artificial", "1982-07-20", "http://lattes.cnpq.br/camilaalmeida", "667a90d6299c1.jpg", "2024-06-25 11:41:42", "../arquivos2/667a90d6299c1.jpg", "indisponivel", "indisponivel", "indisponivel", "disponivel", "indisponivel", "disponivel", "indisponivel", "disponivel", "indisponivel", "disponivel", "disponivel", "indisponivel", "disponivel", "indisponivel", "disponivel", "disponivel", "disponivel", "indisponivel");

    
    
INSERT INTO professor_capacidade (professor_capacidade_codigo, fk_disciplina_disciplina_codigo, fk_professor_professor_codigo) 
VALUES 
(22, 1, 1),
(23, 3, 1),
(24, 5, 1),
(25, 6, 1),
(26, 9, 1),
(27, 10, 1),
(28, 11, 1),
(29, 14, 1),
(30, 16, 1),
(31, 17, 1),
(32, 18, 1),
(33, 24, 1),
(34, 29, 1),
(35, 32, 1),
(36, 8, 2),
(37, 12, 2),
(38, 16, 2),
(39, 20, 2),
(40, 23, 2),
(41, 27, 2),
(42, 29, 2),
(43, 31, 2),
(44, 1, 3),
(45, 3, 3),
(46, 4, 3),
(47, 7, 3),
(48, 8, 3),
(49, 9, 3),
(50, 17, 3),
(51, 23, 3),
(52, 28, 3),
(53, 33, 3),
(54, 37, 3),
(55, 39, 3),
(56, 45, 3),
(57, 47, 3),
(58, 4, 4),
(59, 5, 4),
(60, 7, 4),
(61, 12, 4),
(62, 16, 4),
(63, 18, 4),
(64, 21, 4),
(65, 22, 4),
(66, 32, 4),
(67, 35, 4),
(68, 1, 5),
(69, 2, 5),
(70, 3, 5),
(71, 4, 5),
(72, 5, 5),
(73, 8, 5),
(74, 16, 5),
(75, 21, 5),
(76, 23, 5),
(77, 24, 5),
(78, 27, 5),
(79, 31, 5),
(80, 34, 5),
(81, 1, 6),
(82, 2, 6),
(83, 3, 6),
(84, 4, 6),
(85, 8, 6),
(86, 14, 6),
(87, 24, 6),
(88, 27, 6),
(89, 50, 6),
(90, 1, 7),
(91, 2, 7),
(92, 4, 7),
(93, 10, 7),
(94, 13, 7),
(95, 16, 7),
(96, 18, 7),
(97, 19, 7),
(98, 21, 7),
(99, 24, 7),
(100, 31, 7),
(101, 33, 7),
(102, 34, 7),
(103, 39, 7),
(104, 41, 7),
(105, 43, 7),
(106, 25, 8),
(107, 30, 8),
(108, 31, 8),
(109, 32, 8),
(110, 33, 8),
(111, 34, 8),
(112, 37, 8),
(113, 39, 8),
(114, 51, 8),
(115, 5, 9),
(116, 9, 9),
(117, 29, 9),
(118, 33, 9),
(119, 36, 9),
(120, 37, 9),
(121, 39, 9),
(122, 50, 9),
(123, 1, 10),
(124, 5, 10),
(125, 6, 10),
(126, 7, 10),
(127, 12, 10),
(128, 13, 10),
(129, 15, 10),
(130, 18, 10),
(131, 19, 10),
(132, 25, 10),
(133, 31, 10),
(134, 35, 10);
 

